Name,possible_num_remaining_players
Aaron Judge,[ 0 18 61 ... 47 47 43]
Aaron Bummer,[47  0 15 ... 31 31 54]
Aaron Nola,[47  7  0 ... 19 47 66]
Aaron Civale,[114  19  18 ...  11  19  35]
Aaron Ashby,[60 16 73 ... 27 20 39]
Andrew Abbott,[86 32 39 ... 11 35 32]
Mick Abel,[162  38  43 ...   4  38  14]
Abner Uribe,[ 89  26 126 ...  28  33  42]
CJ Abrams,[186  20  54 ...   6  68   4]
Abraham Toro,[ 53  53 260 ...  41   8 162]
Bryan Abreu,[126  13  80 ...  30   7  50]
Wilyer Abreu,[  3  46 199 ...  26  26  31]
Maximo Acosta,[305  27  88 ...   9  96  11]
Ronald Acuña Jr.,[12  4 41 ... 44 46 42]
Luisangel Acuña,[273  22  71 ...  18  86  26]
Adam Frazier,[ 5 15 37 ... 46 46 30]
Willy Adames,[120  52 192 ...  18   9   5]
Jason Adam,[ 4 14 37 ... 13 13 16]
Riley Adams,[134  17  32 ...  48  39  42]
Jordyn Adams,[ 52  47 151 ...  20   3   2]
Adael Amador,[261 116 335 ...   3  34  12]
Adam Mazur,[137  13  15 ...   3  48   4]
Travis Adams,[98 15 60 ... 14 21 20]
Adam Macko,[69 62 62 ...  3 37  3]
Ty Adcock,[85  2 22 ... 23  6 36]
Addison Barger,[ 50  50 158 ...  22  40  19]
Jo Adell,[136  25  87 ...  43   5   5]
Adley Rutschman,[ 47  50 157 ...  38  27  95]
Adolis García,[ 6 19 12 ... 70 70 96]
Zach Agnos,[ 82  35 105 ...   3  13   2]
Agustín Ramírez,[243  24  75 ...  18  87  26]
Julian Aguiar,[109  58  53 ...   3  58   6]
AJ Blubaugh,[109  25  23 ...   8  39  41]
AJ Smith-Shawver,[176   5  19 ...   3  62   9]
Keegan Akin,[25 16 60 ... 21 13 29]
Alan Roden,[167  33 101 ...  21  33  19]
Alan Rangel,[133   7   9 ...  30  26  46]
Ozzie Albies,[230   5  59 ...  60  15 230]
Albert Suárez,[  6  38 226 ...  39  39  65]
Jorge Alcala,[33 18 67 ... 25 15 42]
Sandy Alcantara,[137  13  18 ...  21  29  53]
Kevin Alcántara,[ 10  85 263 ...  15  85  27]
Sam Aldegheri,[211  30 131 ...  15  43  24]
Alec Bohm,[123  13   8 ...  41  13  42]
Alejandro Kirk,[ 61  52 193 ...  29  29  42]
Alek Thomas,[114  48 160 ...   4   1   1]
Alec Burleson,[106  41 132 ...  45  45  37]
Alex Call,[ 7 26 87 ... 10 12 13]
Alex Vesia,[ 69  24 120 ...   9   5   6]
Alex Cobb,[192  44  53 ...  16  44  46]
Alex Jackson,[ 27  53 155 ...  36  25  26]
Alexis Díaz,[ 90  21 155 ...  13   1  13]
Alex Lange,[101  27  29 ...  13  27  30]
Tyler Alexander,[37  6 30 ... 22 22 35]
Blaze Alexander,[100  46 134 ...   8   8  11]
Alexander Canario,[140  54 191 ...  40  54  44]
Alek Manoah,[23 35 36 ... 14 20 20]
Alex Faedo,[19 45 55 ... 15 20 24]
Alejandro Osuna,[360  63 229 ...   6  88  14]
Alec Marsh,[106  22  21 ...  11  14  28]
Alek Jacob,[52 23 99 ... 11  5  7]
Jason Alexander,[46 14  4 ... 20 47 72]
Alex Freeland,[196 100 240 ...   6  22  17]
Franco Aleman,[175  31  38 ...   9  31  29]
Alex Carrillo,[85  2 22 ... 23  6 36]
Ali Sánchez,[ 41  45 200 ...  36   7  37]
Nick Allen,[134   3  35 ...  41  41  49]
Kolby Allard,[99 12 54 ... 21 13 21]
Logan Allen,[112  22  21 ...   6  20  21]
Allan Winans,[  8  28 113 ...  24  12  25]
Pete Alonso,[154   5  20 ...  50  32  61]
Jose Altuve,[ 33  62 218 ...  85  85 104]
Dan Altavilla,[33  8  8 ... 26 26 37]
Yordan Alvarez,[207  29 137 ...  43  14  41]
José Alvarado,[169   6   8 ...  28  21  60]
Francisco Alvarez,[263  22  71 ...  18  87  29]
Nacho Alvarez Jr.,[234   7  69 ...   7  89   9]
Elvis Alvarado,[119  15  80 ...  29  29  53]
Miguel Amaya,[147  55 185 ...  54  54  50]
Amed Rosario,[ 10  58 197 ...  41  26  39]
Andrew Benintendi,[68  7 49 ... 34 34 31]
Andrés Giménez,[ 62  49 199 ...  28  28  31]
Andrew Vaughn,[ 91  41 118 ...  41  30  40]
Andrew Chafin,[ 16  24 112 ...  51  51  86]
Miguel Andujar,[135  36 100 ...  58  36  67]
Andy Ibáñez,[79 18 15 ... 52 52 53]
Andrew Knizner,[101  26  82 ...  10  14   3]
Andrew Kittredge,[ 12  39 161 ...  51  51  76]
Andy Pages,[172  78 232 ...   6   2   1]
Tyler Anderson,[21 42 47 ... 26 58 73]
Andrew Heaney,[19 63  9 ... 20 63 56]
Andrés Muñoz,[130  16  94 ...  29  29  54]
Andruw Monasterio,[133  49 177 ...  49  11  53]
Nick Anderson,[ 12  32 166 ...  15  15  18]
Andre Pallante,[80 32 39 ... 11 35 37]
Andrew Nardi,[108  10  12 ...  13  28  38]
Grant Anderson,[67 14 80 ... 28  5 43]
Andrés Chaparro,[182  15  59 ...  44  44  58]
Andrew Saalfrank,[52 23 99 ...  2  4 10]
Andrew Walters,[112  23  69 ...   6  23   6]
Andre Granillo,[68 24 93 ... 23 28 35]
Angel Martínez,[314  64 217 ...  11   4   3]
Angel Zerpa,[150  18  90 ...  17  24  19]
Angel Chivilli,[117  41 159 ...   5  14   7]
Angel Bastardo,[66 65 75 ...  4 44 18]
Jonathan Aranda,[ 59  47 217 ...  37  25  23]
Orlando Arcia,[143  31 113 ...  14  15  20]
Nolan Arenado,[24 84 34 ... 84 84 73]
Gabriel Arias,[212  42 125 ...  30  42  27]
Michael Arias,[15 66 65 ...  4 42 16]
Shawn Armstrong,[20 25 14 ... 46 46 85]
Aroldis Chapman,[ 69  45 284 ...  39  39  52]
Randy Arozarena,[243  20  78 ...  54  36  79]
Luis Arraez,[125  45 213 ...  18   3  11]
Spencer Arrighetti,[109  25  23 ...   8  39  41]
Graham Ashcraft,[64 16 80 ... 27 19 32]
Braxton Ashcraft,[74 24 98 ... 22 28 27]
Javier Assad,[110  36  63 ...  18   9  61]
Austin Riley,[123   4  24 ...  41  13  42]
Austin Slater,[ 9 23 17 ... 41 41 41]
Austin Hays,[102  33  84 ...  49  33  55]
Austin Nola,[ 16  80 239 ...  27  27  21]
Austin Wynns,[35 57 18 ... 80 80 85]
Austin Wells,[ 15  42 136 ...  26  26  26]
Austin Gomber,[42  9 14 ...  4  9 13]
Austin Martin,[147  29  79 ...  21   5   2]
Austin Warren,[101   9  26 ...  29  20  41]
Austin Cox,[88  2 23 ... 23  6 33]
Luinder Avila,[225  45  55 ...   4  45  19]
Lake Bachar,[112   6  21 ...  29  21  53]
Sam Bachman,[95 18 64 ... 18 31 39]
Kyle Backhus,[52 23 99 ...  2  4 10]
Harrison Bader,[70  5  5 ... 59 59 67]
Javier Báez,[86 16 16 ... 48  7  5]
Ji Hwan Bae,[159  50 210 ...  47   6   5]
Henry Baez,[221  44  45 ...   4  70  18]
Patrick Bailey,[116  58 158 ...  12  12  11]
Bailey Falter,[107  19  21 ...  12   5  29]
Bailey Ober,[114  19  18 ...  11  19  35]
Bailey Horn,[99 12 54 ... 21 13 21]
Bryan Baker,[26 16 55 ... 23 13 31]
Luken Baker,[ 95  41 125 ...  41  10  43]
Darren Baker,[139  12  39 ...  41  41  40]
Drake Baldwin,[180   6  50 ...   6  68   4]
Brooks Baldwin,[226  49 138 ...   7  49  13]
Moisés Ballesteros,[251 105 344 ... 105 105  73]
Anthony Banda,[36  7 40 ...  6  6 10]
Tanner Banks,[ 4  5  5 ... 44 44 70]
Scott Barlow,[25 12  9 ... 41 41 64]
Joey Bart,[ 94  42 121 ...  42  10  41]
Jorge Barrosa,[214  91 261 ...   2   8   8]
Chris Bassitt,[46 63 79 ... 17 45 47]
Brady Basso,[86 22 25 ... 12 27 40]
Brett Baty,[157   7  32 ...  29  55  32]
Jake Bauers,[ 91  44 161 ...  37  44  35]
Félix Bautista,[34 18 67 ... 25 15 42]
Eduard Bazardo,[144  21  94 ...  29  23  60]
Shane Baz,[32 33 39 ...  7 19 27]
Jordan Beck,[136  63 171 ...   3  21   2]
Tristan Beck,[ 65  24 117 ...  10   4   4]
David Bednar,[ 7 16 60 ... 22 13 28]
Jalen Beeks,[23 17 11 ...  6  6 14]
Clayton Beeter,[86  7 23 ... 21 21 39]
Josh Bell,[ 76  11   9 ...  70  70 252]
Cody Bellinger,[ 8 25 92 ... 34 22 33]
Brayan Bello,[36 39 49 ...  7 20 36]
Valente Bellozo,[137  10  42 ...  23  35  48]
Will Benson,[ 96  39 122 ...  39  30  34]
Anthony Bender,[112   6  21 ...  29  21  53]
Ben Rice,[ 14  38 142 ...  26  26  26]
Ben Lively,[ 4 11  9 ... 13 34 37]
Bennett Sousa,[121  11  43 ...  27  21  49]
Ben Williamson,[186  45 112 ...   5  72   6]
Ben Bowden,[121  11  43 ...  27  21  49]
Ben Joyce,[115  25  70 ...   5  39   8]
Ben Casparius,[60 23 94 ...  6  6  7]
Ben Brown,[86 40 44 ... 10 40 35]
Ben Cowles,[107  52 145 ...  38  52  36]
Sam Benschoter,[73 31 36 ... 12 21 41]
Jon Berti,[ 18  90 232 ...  90  90  77]
José Berríos,[29 10 26 ... 13 34 62]
Brennan Bernardino,[ 1 12 37 ... 30 30 31]
Steward Berroa,[ 12  57 208 ...  53  53 166]
Prelander Berroa,[159  30  34 ...   9  30  27]
Warming Bernabel,[183  91 248 ...   7  27   6]
Ryan Bergert,[126  26  25 ...   7  26  22]
Mookie Betts,[44 27 15 ... 15 15 17]
Tanner Bibee,[112  22  21 ...   6  20  21]
Bo Bichette,[ 30  42 128 ...  34  25  24]
Osvaldo Bido,[141  28  42 ...  20  37  58]
Shane Bieber,[21 23 23 ... 13 17 35]
Hunter Bigge,[23 20 83 ... 22 15 21]
Billy Cook,[101  41 123 ...  40   6   5]
Jake Bird,[  8  28 113 ...  24  12  25]
Hayden Birdsong,[ 96  38 128 ...   4  13   2]
Spencer Bivens,[34  7 35 ...  8  8  4]
JJ Bleday,[127  23  88 ...  35   4   5]
Scott Blewett,[ 21  28 113 ...  24  12  25]
Ryan Bliss,[155  32 102 ...  31  54  42]
Jake Bloss,[43 57 47 ...  3 34  2]
Bobby Witt Jr.,[159  36  94 ...  23  36  22]
Bobby Miller,[69 34 35 ...  3  8  8]
Xander Bogaerts,[58 31 19 ... 21 21 22]
Bo Naylor,[232  45 145 ...  30  45  20]
Cam Booser,[ 3  9 22 ... 29 29 29]
Ryan Borucki,[30  7 50 ... 37 37 50]
Sean Bouchard,[  5  44 153 ...  13  11  13]
Caleb Boushley,[48  6 26 ... 35 35 69]
Bowden Francis,[15 45 55 ... 15 20 24]
Jonathan Bowlan,[105  12  48 ...  19   4  28]
Matthew Boyd,[19 63  9 ... 20 63 56]
Joe Boyle,[35 41 41 ...  7 27 21]
Brandon Lowe,[26 10 71 ... 38 38 35]
Brandon Marsh,[132   9   8 ...  38   5   4]
Ryan Brasier,[115  40 174 ...  54  54  77]
Brayan Rocchio,[291  61 178 ...   8  61  16]
Brad Keller,[79 18 55 ... 34 18 52]
Huascar Brazobán,[19 11 54 ... 58 58 98]
Brady Singer,[73 26 42 ... 16  9 44]
Brandon Woodruff,[42 20  5 ... 20 46 46]
Matt Brash,[125  16  87 ...  29  24  51]
Brandon Lockridge,[ 95  39 125 ...  39  10  42]
Braden Shewmake,[ 13  42 135 ...  34  24  20]
Brandon Pfaadt,[66 34 35 ...  1  7  8]
Taj Bradley,[148  35  32 ...   3  35   6]
Braxton Garrett,[92 11 11 ... 16 30 33]
Brady House,[233  22  65 ...   7  89  11]
Brandon Eisert,[99 12 54 ... 21 13 21]
Kyle Bradish,[21 28 47 ... 14  5 23]
Brant Hurter,[103  13  56 ...  14  14  17]
Cody Bradford,[92 22 25 ... 12 24 34]
Braxton Fulford,[ 96  46 131 ...  12  12   8]
Brad Lord,[115  12  11 ...   9  38  35]
Brandon Waddell,[47  2 13 ... 31 31 54]
Brandon Williamson,[73 31 36 ... 12 21 41]
Braydon Fisher,[28 27 99 ... 16 23 19]
Brandon Walter,[92 19 30 ... 17 10 36]
Bradley Blalock,[95 51 36 ...  2 17  2]
Brandyn Garcia,[ 72  28 106 ...   2   3   8]
Brandon Young,[33 33 39 ...  7 19 27]
Brendan Rodgers,[122  27  86 ...  38  14  41]
Brent Rooker,[ 8 18 61 ... 44 37 61]
Brendan Donovan,[147  52 224 ...  52  11  41]
Brenton Doyle,[ 82  41 135 ...  15   2   3]
Brent Suter,[ 13  39 175 ...  50  50  62]
Will Brennan,[11 32 80 ... 32 18 22]
Brett Wisely,[101  46 141 ...  11  11   2]
Brendon Little,[ 21  14 106 ...  19   2  21]
Brenan Hanifee,[93 12 49 ... 21 14 26]
Brett de Geus,[83  6  6 ... 25 25 33]
Brewer Hicklen,[140  15  10 ...  44   4   4]
Brett Harris,[121  29  80 ...  36  40  36]
Brent Headrick,[ 8 20 90 ... 22 13 16]
Brice Turang,[116  52 151 ...  37  52  26]
Beau Brieske,[93 12 49 ... 21 14 26]
Jeff Brigham,[ 4 14 37 ...  6  6 19]
Jhony Brito,[75 42 42 ...  9  8 13]
Juan Brito,[307  68 218 ...  14  68  48]
Brice Matthews,[218  55 138 ...  16  79  22]
Brian Van Belle,[23 28 47 ... 14  5 23]
Brock Burke,[84 13 68 ... 25  7 36]
Connor Brogdon,[112  11  39 ...  29  22  58]
Brooks Lee,[221  53 136 ...   7  53  13]
Brock Stewart,[ 4 14 39 ... 12 12 11]
Hunter Brown,[96 21 27 ... 15 33 44]
Trenton Brooks,[106  23  92 ...  12  13  14]
Brooks Kriske,[27  7 46 ... 38 38 60]
Vidal Bruján,[139  58 203 ...  58  44 203]
Brusdar Graterol,[92 39 52 ...  3  9 11]
Justin Bruihl,[ 21  14 106 ...  19   2  21]
JT Brubaker,[ 3  7 41 ... 24 24 35]
Kris Bryant,[ 6 21 62 ... 21 21 20]
Bryan Reynolds,[ 10  43 103 ...  53  43 207]
Bryson Stott,[124  13   8 ...  41  38  30]
Bryan De La Cruz,[ 12  40 193 ...  35   6  33]
Bryce Johnson,[114  51 194 ...  14   2   1]
Bryan Hoeing,[ 58  19 106 ...  10   2  11]
Bryan King,[79 13 65 ... 25  7 41]
Bryce Elder,[100   2  10 ...  13  28  45]
Bryce Jarvis,[52 23 99 ...  2  4 10]
Bryan Hudson,[69 14 87 ... 28  5 36]
Bryce Miller,[96 21 27 ... 15 33 44]
Bryan Woo,[109  25  23 ...   8  39  41]
Bryan Ramos,[278  63 196 ...  14  63  16]
Zach Brzykcy,[86  7 23 ... 21 21 39]
Kris Bubic,[113  22  21 ...  11  13  23]
Walker Buehler,[16 10 21 ... 13 27 38]
Corbin Burnes,[65 22 16 ...  1  4 18]
Ryan Burr,[14  7 41 ... 24 24 35]
Nick Burdi,[ 9 16  8 ... 27 27 35]
Sean Burke,[126  26  25 ...   7  26  22]
Mike Burrows,[86 40 44 ... 10 40 35]
Juan Burgos,[ 87  31 124 ...   3   4  13]
Chase Burns,[184  75 101 ...   4  75  21]
Michael Busch,[ 96  41 124 ...  41  30  34]
Ky Bush,[138  26  26 ...   7  26  16]
Lawrence Butler,[  7  31 107 ...  26  50  31]
José Buttó,[ 71  25 130 ...  11   7   1]
Byron Buxton,[65  8 44 ... 30  6  3]
Oswaldo Cabrera,[ 20  62 214 ...  31  31 123]
José Caballero,[ 13  48 219 ...  38   7  38]
Génesis Cabrera,[ 95  15 138 ...  34   5  41]
Edward Cabrera,[127  14  16 ...  19  35  41]
Jean Cabrera,[208  20   4 ...   7  62  28]
Cade Smith,[141  17  94 ...  19  19  31]
Cade Povich,[39 40 42 ...  7 27 18]
Cade Gibson,[89  7 25 ... 25 21 27]
Cade Horton,[107  62  66 ...   7  62  22]
Caden Dana,[184  29 113 ...  51  51  68]
Cade Cavalli,[100   9  11 ...  13  28  45]
Jac Caglianone,[ 11  53 168 ...   7  53   5]
Owen Caissie,[ 13  87 304 ...  17  87  21]
Caleb Thielbar,[121  40 177 ...  54  54  79]
Caleb Ferguson,[97 19 72 ... 26 23 46]
Cal Quantrill,[199   9  12 ...  18  24  63]
Calvin Faucher,[101   9  25 ...  29  20  41]
Caleb Durbin,[107  52 145 ...  38  52  36]
Cal Stevenson,[134  10   8 ...  38   2   3]
Tyler Callihan,[118  48 153 ...  33  48  30]
Luis Campusano,[ 96  46 131 ...  13  13   8]
Junior Caminero,[ 82  96 289 ...   8  66  10]
Cam Smith,[ 11  55 160 ...   4  85  15]
Kristian Campbell,[ 64  80 213 ...  11  55  11]
Isaiah Campbell,[ 32  23 135 ...  26  15  29]
Gustavo Campero,[ 14  41 144 ...  50  48 224]
Cam Devanney,[ 94  42 121 ...  42  10  41]
Noah Cameron,[120  22  21 ...   6  20  18]
Cam Schlittler,[12 57 47 ...  3 34  2]
Mark Canha,[246  56 163 ...  56  56  49]
Dominic Canzone,[ 5 28 82 ... 32 37 33]
Yennier Cano,[17  7 54 ... 25 25 60]
Griffin Canning,[97 12 14 ... 19 29 39]
Joey Cantillo,[138  26  26 ...   7  26  16]
Jonathan Cannon,[126  26  25 ...   7  26  22]
Carlos Correa,[241  23  75 ...  62  39  81]
Victor Caratini,[115   9  64 ...  80  80 328]
Carson Kelly,[49 10 68 ... 61 61 60]
Dylan Carlson,[ 58  51 165 ...  28  28  97]
Carlos Estévez,[45  9 10 ... 33 33 48]
Corbin Carroll,[  7  66 183 ...   1   8   2]
Carlos Carrasco,[263   6  24 ...  30  72 113]
Kerry Carpenter,[11 32 80 ... 32 18 22]
Carlos Rodón,[ 7 24  5 ... 12 30 30]
Carlos Hernández,[141  15  75 ...  22   5  38]
Evan Carter,[254  54 168 ...   5   6   3]
Carson Fulmer,[48  6 26 ... 35 35 69]
Carlos Narváez,[ 59  49 181 ...  28  28  41]
Carmen Mlodzinski,[63 19 80 ... 26 26 39]
Carlos Vargas,[129  19  80 ...  21  34  48]
Carlos Cortes,[138  48  99 ...  73  24  73]
Carson Spiers,[73 31 36 ... 12 21 41]
Carlos Rodríguez,[13  6 69 ...  7 71  6]
Carson McCusker,[10 32 75 ... 32 19 27]
Carson Palmquist,[100  50  37 ...   2  17   2]
Carson Seymour,[60 23 94 ...  6  6  2]
Carlos Rodriguez,[132  45 189 ...  17  49  32]
Dylan Cease,[54 37 52 ...  7  9 13]
Slade Cecconi,[112  22  21 ...   6  20  21]
Cedric Mullins,[166   4  19 ...  44   3   4]
Ceddanne Rafaela,[ 82  80 240 ...   7   3   1]
Eric Cerantola,[181  32  37 ...   9  32  28]
César Salazar,[235  38 148 ...  49  46  45]
Chas McCormick,[158  16  61 ...  46  34  62]
Charlie Morton,[205  45  52 ...  18  45  48]
Chad Green,[ 5 34 22 ... 32 32 32]
Chase Meidroth,[184  46 110 ...   6  46   4]
Chandler Simpson,[ 61  68 181 ...   5   3   1]
Chase Shugart,[69 14 87 ... 28  5 36]
Chase Lee,[96 13 51 ... 14 14 21]
Chase Silseth,[109  25  23 ...   8  39  41]
Chad Patrick,[80 32 39 ... 11 35 37]
Chad Stevens,[137  29  86 ...  48  48  48]
Chase Dollander,[105  58  48 ...   2  17   5]
Chase Petty,[118  65  77 ...   4  65  16]
Chayce McDermott,[35 33 39 ...  7 19 23]
Tsung-Che Cheng,[200  84 252 ...   9  84   7]
Jazz Chisholm Jr.,[ 18  52 216 ...  39  27  23]
Jackson Chourio,[244  98 329 ...  98   8   8]
Chris Taylor,[38 48 19 ... 74  6 10]
Christian Vázquez,[44 70 31 ... 70 70 57]
Christian Walker,[38 56 18 ... 75 75 93]
Christopher Morel,[ 56  47 177 ...  25  25  34]
Chris Martin,[177  28 119 ...  54  54  89]
Chris Sale,[188   6  20 ...  26  58  66]
Chris Devenski,[22 10  5 ... 47 47 73]
Chris Flexen,[27  7 46 ... 38 38 60]
Christian Encarnacion-Strand,[107  49 150 ...  36  49  40]
Chris Paddack,[101  27  29 ...  13  27  30]
Christian Koss,[ 81  47 131 ...  13  11   1]
Chris Roycroft,[67 14 80 ... 28  5 43]
Christian Moore,[245  57 160 ...   5  89  15]
Chris Murphy,[21 20 90 ... 22 13 16]
Christian Montes De Oca,[ 87  31 124 ...   3   4  13]
Christian Scott,[100   4   8 ...  13  28  45]
Marc Church,[115  25  70 ...   5  39   8]
Clayton Kershaw,[124  63  69 ...   8  18  14]
Emmanuel Clase,[122  13  78 ...  27  15  34]
Clay Holmes,[47  3  3 ... 19 47 66]
Taylor Clarke,[33  8  8 ... 26 26 37]
Clarke Schmidt,[ 6 45 55 ... 15 20 24]
Jonatan Clase,[ 95 102 302 ...  12  68  60]
Denzel Clarke,[217  36 140 ...  36   5   5]
Ernie Clement,[ 23  53 155 ...  36  25  30]
Kody Clemens,[141  30 103 ...  27  30  22]
Garrett Cleavinger,[14  7 41 ... 23 23 36]
Coby Mayo,[ 63  76 212 ...  11  51  13]
Codi Heuer,[114  18  61 ...  21  12  30]
Cody Poteet,[15  7 41 ... 24 24 35]
Cody Freeman,[186  45 112 ...   5  72   6]
Colt Keith,[222  50 147 ...  10  50  11]
Colton Cowser,[ 54  47 162 ...  21  37  19]
Cole Sulser,[  4  35 166 ...  37  37  43]
Colin Holderman,[ 71  29 100 ...  30  21  46]
Collin Snider,[97 19 72 ... 26 23 46]
Cole Sands,[105  12  48 ...  19   4  28]
Colin Rea,[15 67 83 ... 23 67 73]
Isaac Collins,[117  46 161 ...  46  13 161]
Cole Ragans,[113  22  21 ...  11  13  23]
Cole Young,[254  57 170 ...   5  86  11]
Cole Henry,[86  7 23 ... 21 21 39]
Colin Selby,[22 20 83 ... 22 15 21]
Colson Montgomery,[220  50 148 ...  10  50  11]
Cole Winn,[95 18 64 ... 18 31 39]
Colby Thomas,[  9  43 116 ...   4  68   8]
Colton Gordon,[103  21  27 ...  15  33  39]
Willson Contreras,[ 6 21 74 ... 84 84 91]
William Contreras,[134  50 155 ...  50  38  50]
Connor Joe,[ 3 20 16 ... 62 62 62]
Connor Wong,[ 26  53 155 ...  36  25  26]
Connor Norby,[148  13  43 ...  31  56  38]
Griffin Conine,[132  10  37 ...  41  13  35]
Connor Seabold,[ 23  28 113 ...  24  12  25]
Connor Kaiser,[ 83  41 142 ...   5   2  12]
Luis Contreras,[144  21  94 ...  29  23  60]
Connor Thomas,[64 16 80 ... 27 19 32]
Connor Phillips,[ 78  37 108 ...   7  36  10]
Cooper Hummel,[211  17  68 ...  52  42 211]
Cooper Criswell,[ 21  28 113 ...  24  12  25]
Corey Seager,[84  7 41 ... 59 59 64]
Patrick Corbin,[178  44  49 ...  27  60  74]
Corey Julks,[143  27  99 ...  28  27  30]
Nestor Cortes,[102  26  27 ...   5   8  20]
Corbin Martin,[ 21  28 113 ...  24  12  25]
Kenedy Corona,[200  34 130 ...  34   5   5]
Jose Corniell,[221  44  45 ...   4  70  18]
Tom Cosgrove,[ 72  29 109 ...  29  21  37]
Danny Coulombe,[ 17  24 121 ...  48  48  74]
Jake Cousins,[ 6 10 21 ... 13 27 38]
J.P. Crawford,[167  18  64 ...  48  36  54]
Kutter Crawford,[16 45 55 ... 15 20 24]
Craig Yoho,[68 24 93 ... 23 28 35]
Dylan Crews,[10 21 64 ... 14 78 21]
Cristian Javier,[128  22  36 ...  20  10  51]
Cristopher Sánchez,[133  12   4 ...  21   9  40]
Blaine Crim,[123  27  85 ...  37  14  43]
Jeff Criswell,[66 34 35 ...  3  9  9]
Cristian Mena,[142  42 188 ...   3   5   5]
Jake Cronenworth,[61  9 61 ... 14 14 14]
Pete Crow-Armstrong,[151  74 218 ...  12   5   3]
Garrett Crochet,[32 33 39 ...  7 19 23]
Declan Cronin,[92 11 11 ... 16 31 33]
Oneil Cruz,[136  48 183 ...  44   6   5]
Fernando Cruz,[  3  42 239 ...  41  41  68]
Steven Cruz,[122  15  81 ...  18  18  27]
Omar Cruz,[ 94  27 156 ...   7   7   9]
John Curtiss,[22 17 10 ...  6  6 18]
Curtis Mead,[249  53 162 ...   9  53   8]
Luis Curvelo,[146  27  88 ...   6  39   8]
Yoniel Curet,[61 68 83 ...  3 46  8]
Dairon Blanco,[84 16 16 ... 46  6  5]
Dalton Rushing,[133  69 172 ...   4  20   1]
Danny Jansen,[99 36 82 ... 53 36 53]
Daniel Schneemann,[143  31  82 ...  31   6  23]
Dane Myers,[140  11  40 ...  44   4   4]
Dane Dunning,[112   3  19 ...  29  21  53]
Daniel Lynch IV,[107  12  53 ...  19   4  23]
Daniel Johnson,[108  23  89 ...   8   1   1]
Daniel Palencia,[ 97  27 120 ...  27  32  43]
Danny Young,[47  2 13 ... 31 31 54]
Daniel Robert,[118   6   7 ...  27  20  47]
Davis Daniel,[92  3  9 ... 18  9 36]
Daniel Espino,[207  40  44 ...   3  40   8]
Yu Darvish,[186  80 101 ...  10  22  25]
Darell Hernaiz,[292  65 186 ...  22  87  30]
Michael Darrell-Hicks,[60 16 73 ... 27 20 39]
Dugan Darnell,[57 30 43 ...  6  2 11]
DaShawn Keirsey Jr.,[151  27  83 ...  27   2   2]
Daulton Varsho,[ 24  49 166 ...  31   2   3]
Dauri Moreta,[94 46 70 ... 20 46 58]
David Fry,[142  29  98 ...  26  29  31]
Davis Schneider,[ 43  40 135 ...  25  25  28]
David Hamilton,[ 35  42 137 ...  34  23  19]
Henry Davis,[106  52 139 ...  38  52  34]
David Peterson,[104  12  14 ...  19  29  33]
Logan Davidson,[155  36 101 ...  44  42 155]
Davis Martin,[112  19  21 ...  12   5  24]
Noah Davis,[105  12  48 ...  19   4  28]
David Festa,[126  26  25 ...   7  26  22]
David Morgan,[69 28 96 ...  5 11 10]
Dax Fulton,[169  15  20 ...   6  52  18]
Daysbel Hernández,[128   2  34 ...  27   6  54]
Daylen Lile,[11 21 71 ...  6 84  7]
Dean Kremer,[16 45 55 ... 15 20 24]
Dedniel Núñez,[141  10  34 ...  34  21  55]
Jacob deGrom,[187  46  50 ...  27  63  75]
Paul DeJong,[69  6 22 ... 61 61 72]
Dennis Santana,[ 97  30 148 ...  37  23  60]
Derek Law,[27 20  4 ... 22 56 79]
Derek Hill,[140  11  40 ...  44   4   4]
Anthony DeSclafani,[ 12  32 166 ...   6   6  22]
Reid Detmers,[89 14 65 ... 27 27 39]
Rafael Devers,[127  48 200 ...  16   3   2]
Devin Williams,[ 7 16 55 ... 23 13 31]
Devin Sweet,[123  10   3 ...  20  10 123]
Deyvison De Los Santos,[291  25  79 ...   9  96  15]
Zach Dezenzo,[156  30  99 ...  27  49  41]
Yandy Díaz,[ 1 22 83 ... 51 51 68]
Elias Díaz,[34 89 42 ... 25 25 23]
Edwin Díaz,[63  2 14 ... 38 38 93]
Yainer Diaz,[170  34 108 ...  51  51  54]
Jhonathan Díaz,[133  14  94 ...  28   7  40]
Yilber Díaz,[101  37 140 ...   2   3   2]
Didier Fuentes,[295   7  24 ...  33  75 116]
Dietrich Enns,[ 7 34 22 ... 31 31 33]
Dillon Dingler,[142  32  75 ...  26  26  21]
DJ Herz,[137  17  13 ...   3  48   4]
DL Hall,[68 19 86 ... 26 26 33]
Hunter Dobbins,[32 41 41 ...  7 27 21]
Dylan Dodd,[89  2 20 ... 25 21 27]
Dominic Smith,[107  24  91 ...   9  12   3]
Seranthony Domínguez,[32 18 67 ... 25 15 42]
Dom Nuñez,[165  26  59 ...  30  26  29]
Jasson Domínguez,[ 25 109 356 ...   7  73  43]
Domingo Gonzalez,[149   3  12 ...  10  41  46]
Donovan Solano,[376  73 245 ... 100 100 125]
Doug Nikhazy,[138  26  26 ...   7  26  16]
Camilo Doval,[  8  16 142 ...  23   2  31]
Drew Pomeranz,[109  40 167 ...  52  52  77]
Drew Waters,[175  34  99 ...  29  29  84]
Drew Smith,[54  2  5 ... 20 41 65]
Drew Rasmussen,[21 23 23 ... 13 17 35]
Drew Millas,[148  16  39 ...  52  42 148]
Drew Romo,[183 100 235 ...   6  26  12]
Jack Dreyer,[60 23 94 ...  6  6  7]
Drey Jameson,[49 23 92 ...  2  4 13]
Drew Thorpe,[162  35  33 ...   3  35   5]
Logan Driscoll,[ 36  42 132 ...  34  24  18]
Mauricio Dubón,[111   8  58 ...  73  73  90]
Shawn Dubin,[97 19 72 ... 26 23 46]
Oliver Dunn,[ 94  43 122 ...  43  31  32]
Blake Dunn,[  6  41 123 ...  43  43  39]
Jarren Duran,[ 31  34 149 ...  32   6  23]
Ezequiel Duran,[181  34 110 ...  51  51  56]
Jhoan Duran,[118   6   8 ...  30  26  41]
Dustin May,[23 35 36 ... 14 20 20]
Dustin Harris,[143  27  89 ...  45  45  42]
Dylan Moore,[61 17 11 ... 67 67 73]
Dylan Lee,[47  1 15 ... 31 31 54]
Dylan Smith,[98 15 60 ... 14 21 20]
Easton Lucas,[20 28 47 ... 14  5 20]
Easton McGee,[60 16 73 ... 27 20 39]
Nate Eaton,[ 30  38 138 ...  32   6  29]
Jake Eder,[94  7 23 ... 21 21 35]
Edgar Quero,[379  76 258 ...  11  76  35]
Edgardo Henriquez,[120  40 171 ...   6  13   7]
Edouard Julien,[221  41 140 ...  32  32  24]
Eduardo Rodriguez,[44 24  7 ...  2  8 17]
Eduardo Salazar,[116   8  31 ...  28  25  42]
Eduarniel Núñez,[119  15  80 ...  29  29  53]
Xavier Edwards,[185  16  56 ...  34  66 119]
Edwin Uceta,[ 31  22 118 ...  26  15  26]
Zach Eflin,[20 10 21 ... 13 27 38]
Joe Elbis,[159  66  79 ...   1   9   5]
Eli White,[ 5  2 21 ... 59 59 69]
Eli Morgan,[ 71  29 100 ...  30  21  46]
Tim Elko,[144  29  82 ...  26  26  25]
Elly De La Cruz,[216 105 326 ...  20 105  84]
Fraser Ellard,[99 12 54 ... 21 13 21]
Elvis Peguero,[ 92  15 125 ...  35   5  54]
Elvin Rodríguez,[ 31  22 118 ...  26  15  26]
Emerson Hancock,[96 21 27 ... 15 33 44]
Emilio Pagán,[16 37 20 ... 46 46 59]
Emiliano Teodo,[170  37  32 ...   4  56   9]
Emmet Sheehan,[76 40 31 ...  3 12 11]
Emmanuel Rodriguez,[317  58 213 ...   6   5   1]
Jerar Encarnacion,[  5  53 164 ...  14  14   1]
Endy Rodríguez,[164  68 230 ...  47  68 157]
Mason Englert,[ 39  37 129 ...  16  24  69]
Tristin English,[ 87  41 150 ...   5   2  12]
Enmanuel Valdez,[135  49 187 ...  49  49  40]
Enrique Hernández,[ 7 23 76 ... 22 22 25]
Nic Enright,[105  12  48 ...  19   4  28]
Enyel De Los Santos,[141   4  28 ...  34  21  55]
Nathan Eovaldi,[20 43 46 ... 26 61 87]
Erasmo Ramírez,[30 57 74 ... 20 57 64]
Lucas Erceg,[129  12  40 ...  18  14  26]
Erick Fedde,[47  2  3 ... 19 47 66]
Eric Lauer,[21 22 23 ... 13 17 36]
Eric Wagaman,[121  12  34 ...  39  38  38]
Erik Miller,[52 23 99 ... 10  6  1]
Eric Orze,[23 20 83 ... 22 15 21]
Erik Sabrowski,[140  16  90 ...  27  17  36]
J.C. Escarra,[ 8 28 89 ... 36 24 34]
Santiago Espinal,[128  40  97 ...  63  40  68]
Thairo Estrada,[125  53 211 ...  17  11  16]
Esteury Ruiz,[123  51 173 ...  11  11  13]
Jeremiah Estrada,[ 81  32 118 ...   7   7  28]
Joey Estes,[152  41  34 ...   8  59  22]
Lazaro Estrada,[ 34  26 134 ...  14  14  37]
Ethan Roberts,[67 14 80 ... 28  5 43]
Eugenio Suárez,[ 51  66  24 ...  88  88 106]
Eury Pérez,[222  17  23 ...   4  67  13]
Evan Phillips,[76 15 52 ...  7  8 11]
Evan Sisk,[69 14 87 ... 28  5 36]
Logan Evans,[132  35  26 ...   3  54   7]
Everson Pereira,[ 81  75 227 ...   6   3   1]
Ezequiel Tovar,[174  78 226 ...   3  25   2]
Stuart Fairchild,[  2  51 157 ...  35  23  27]
Pete Fairbanks,[14  7 41 ... 24 24 35]
Kyle Farmer,[25 76 33 ... 22 22 20]
Hunter Feduccia,[ 34  38 147 ...  32   6  24]
Ryan Feltner,[53 30 43 ...  6  2 12]
Freddy Fermin,[143  31 110 ...  15  13  17]
José Fermín,[126  52 171 ...  51  51  47]
Jose A. Ferrer,[138   9  41 ...  19  34  38]
Tyler Ferguson,[48  6 26 ... 35 35 69]
Ryan Fernandez,[60 16 73 ... 27 20 39]
Yanquiel Fernández,[ 12  93 354 ...   2  30   2]
José Fermin,[180  28 102 ...  15  46  28]
Julian Fernández,[ 97  26 148 ...  13   5  12]
Matt Festa,[33  8  8 ... 26 26 37]
Kyle Finnegan,[ 3  9 21 ... 30 30 38]
Tyler Fitzgerald,[ 81  47 131 ...  13  11   1]
Ryan Fitzgerald,[70  8 48 ... 35 35 30]
Richard Fitts,[32 41 41 ...  7 27 21]
Jack Flaherty,[101  27  29 ...  13  27  30]
Wilmer Flores,[ 7 23 75 ... 22 22  6]
Mason Fluharty,[ 37  40 135 ...   7  32  11]
Jason Foley,[101  27  29 ...  13  27  30]
Nick Fortes,[ 34  38 140 ...  32   6  26]
Justin Foscue,[135  29  88 ...  47  47  48]
Ty France,[28  9 66 ... 38 38 43]
Jake Fraley,[ 6 36 88 ... 45 36 43]
Framber Valdez,[71  7 12 ... 20 50 85]
Frankie Montas,[61  4  3 ... 20 54 86]
J.P. France,[107  16  13 ...  15  24  62]
Nick Frasso,[66 34 35 ...  3  8  8]
Freddie Freeman,[ 17  76 254 ...  22  22  16]
Tyler Freeman,[  5  45 133 ...  11  11  10]
Sal Frelick,[  6  49 152 ...  33  49  26]
Kyle Freeland,[31 23  5 ...  5 12 13]
Freddy Peralta,[94 46 70 ... 20 46 58]
Freddy Tarnok,[86  7 26 ... 21 21 39]
TJ Friedl,[ 92  45 165 ...  34   5   4]
Max Fried,[ 6 10 21 ... 13 25 31]
Kody Funderburk,[107  12  53 ...  19   4  23]
Gabriel Moreno,[140  60 195 ...   4   6  14]
Gabe Speier,[121  11  43 ...  27  21  49]
Hunter Gaddis,[93 12 49 ... 21 14 26]
Matt Gage,[23 17 11 ... 10 10  3]
Zac Gallen,[54 37 52 ...  1  5 14]
Garrett Hampson,[99 36 85 ... 53 36 52]
Mitch Garver,[35 57 18 ... 80 80 85]
Luis García Jr.,[159  14  50 ...  28  55  32]
Luis García,[240  29 146 ...  60  60 110]
Yimi García,[ 7 39 31 ... 36 36 56]
Maikel Garcia,[205  42 124 ...  30  42  26]
Garrett Stubbs,[57  7  4 ... 63 63 57]
Garrett Mitchell,[106  41 128 ...  40   6   5]
Reed Garrett,[30  3  4 ... 39 39 62]
Garrett Whitlock,[ 21  28 113 ...  24  12  25]
Robert Garcia,[97 19 72 ... 26 23 46]
Rico Garcia,[42  2 12 ... 34 34 61]
Justin Garza,[42  2 12 ... 34 34 61]
Jhostynxon Garcia,[ 94  90 320 ...   6   5   1]
Mickey Gasper,[173  33 118 ...  33  33 118]
Robert Gasser,[86 32 39 ... 11 35 32]
Kevin Gausman,[ 6 60 12 ... 14 38 33]
Gavin Sheets,[ 87  41 164 ...  14  11  10]
Gavin Lux,[ 96  39 122 ...  39  30  34]
Gavin Williams,[120  22  21 ...   6  20  18]
Gavin Hollowell,[60 16 73 ... 27 20 39]
Gavin Stone,[66 34 35 ...  3  8  8]
Zack Gelof,[155  32 102 ...  31  54  42]
George Springer,[  1  77 241 ...  57  57  49]
George Kirby,[86 22 25 ... 12 27 40]
George Soriano,[118   8  35 ...  23  23  52]
Geraldo Perdomo,[170  77 219 ...   4   7  48]
Gerrit Cole,[ 3 60 12 ... 14 39 45]
Germán Márquez,[98 25 27 ...  4 11 21]
Joey Gerber,[23 28 47 ... 14  5 23]
Paul Gervase,[69 28 96 ...  5 12  8]
Giancarlo Stanton,[  4  82 250 ...  60  60  55]
Ian Gibaut,[27  7 46 ... 38 38 60]
Logan Gilbert,[86 19 30 ... 17 10 42]
Tyler Gilbert,[42  6 33 ... 21 21 28]
Luis Gil,[13 41 47 ... 16 23 25]
Kevin Ginkel,[36  7 40 ...  4  4 14]
J.T. Ginn,[96 21 27 ... 15 33 44]
Gio Urshela,[ 14  14  43 ...  86  86 107]
Lucas Giolito,[16 10 21 ... 13 27 38]
Sawyer Gipson-Long,[106  22  21 ...  11  14  28]
Tyler Glasnow,[42  9 14 ...  3  8 11]
Gleyber Torres,[188  37 118 ...  37   7  36]
Paul Goldschmidt,[ 16  83 265 ...  60  60  56]
Romy Gonzalez,[ 27  35 145 ...  31   6  28]
Nick Gonzales,[100  44 125 ...  46  46  40]
Tony Gonsolin,[40  9 14 ...  3  9 14]
Wikelman González,[179  29 117 ...   9  32  19]
Hunter Goodman,[108  52 142 ...   6  20  10]
Nolan Gorman,[116  52 151 ...  37  52  26]
MacKenzie Gore,[108   9  11 ...  13  28  38]
Gordon Graceffo,[68 24 93 ... 23 28 35]
Tanner Gordon,[59 36 34 ...  6  8 10]
Riley Greene,[197  42 117 ...   6  42   5]
Gregory Soto,[161   3  22 ...  29  22  62]
Greg Weissert,[25 16 55 ... 23 13 31]
Hunter Greene,[86 40 44 ... 10 40 35]
Gregory Santos,[129  19  80 ...  21  34  48]
Randal Grichuk,[ 2 15 36 ... 45 45 40]
Trent Grisham,[ 12  35 150 ...  29   1   2]
Griffin Jax,[26 16 55 ... 23 13 31]
Vaughn Grissom,[ 59  72 177 ...   6  49   3]
Michael Grove,[53 30 43 ...  7  2  8]
Vladimir Guerrero Jr.,[ 61  49 206 ...  29  29  41]
Sean Guenther,[115  18  67 ...  20  12  24]
Luis Guerrero,[ 40  40 140 ...   6  29   4]
Gunnar Henderson,[ 63  72 190 ...   6  49   3]
Gunnar Hoglund,[114  25  24 ...   8  38  32]
Lourdes Gurriel Jr.,[73  9 81 ...  8  8 27]
Gus Varland,[112  19  21 ...  12   5  24]
Ryan Gusto,[100  10  12 ...  13  28  45]
Josh Hader,[52  6 29 ... 33 33 60]
Sam Haggerty,[93  8 46 ... 63  5 13]
Justin Hagenman,[85  2 22 ... 23  6 36]
Seth Halvorsen,[69 28 96 ...  3 13  7]
Petey Halpin,[221  46 147 ...   7   4   2]
Maverick Handley,[ 38  42 125 ...  34  25  22]
Ian Happ,[132  40 101 ...  56  40 214]
Michael Harris II,[191   6  50 ...   5   5   2]
Hunter Harvey,[125  12  37 ...  19  14  32]
Hogan Harris,[79 13 65 ... 25  7 41]
Kyle Harrison,[42 60 59 ...  4 38 11]
Kyle Hart,[31 23  5 ...  6 11 11]
Thomas Harrington,[ 78  37 108 ...   7  36  10]
Robert Hassell III,[223  20  62 ...  13   6   3]
Thomas Hatch,[125  12  37 ...  19  14  32]
Ke'Bryan Hayes,[ 94  42 121 ...  42  10  41]
Hayden Wesneski,[86 22 25 ... 12 27 40]
Hayden Senger,[123   8  25 ...  41  13  40]
Héctor Neris,[222  27 141 ...  57  57 106]
Austin Hedges,[60 15 11 ... 41 41 36]
Jonah Heim,[206  19  65 ...  55  44 206]
Tyler Heineman,[  7  97  39 ...  60  60 183]
Ryan Helsley,[42  2 12 ... 34 34 61]
Heliot Ramos,[149  59 212 ...   9  19   4]
Michael Helman,[141  29 100 ...  39   5   5]
Kyle Hendricks,[20 43 46 ... 26 61 87]
Sam Hentges,[105  27  29 ...  13  27  23]
Ronny Henriquez,[125   9  37 ...  23  35  43]
Tommy Henry,[ 61  19 110 ...   3   1  10]
Tink Hence,[118  65  77 ...   4  65  16]
Logan Henderson,[107  62  66 ...   7  62  22]
Teoscar Hernández,[ 4 29 17 ... 18 18 20]
Jose Herrera,[144  60 235 ...   5   2  56]
Jimmy Herget,[34  7 35 ...  7  7 13]
Iván Herrera,[157  63 196 ...  47  63  42]
Tim Herrin,[107  12  53 ...  19   4  23]
Heriberto Hernandez,[194  14  57 ...  33  56  46]
Kevin Herget,[22 10  6 ... 44 44 61]
Nick Hernandez,[112  11  39 ...  29  22  58]
Heston Kjerstad,[ 48  40 140 ...  25  25  25]
Jordan Hicks,[ 19  14 100 ...  19   2  23]
Liam Hicks,[207  16  57 ...  44  44  50]
Tim Hill,[  3  35 166 ...  36  36  44]
Jaden Hill,[69 28 96 ...  3 13  7]
Rece Hinds,[  6  69 170 ...   6  69  10]
Yaramil Hiraldo,[ 32  30 155 ...  27  13  35]
Sean Hjelle,[ 58  19 106 ...  10   2   2]
Hoby Milner,[20 25 15 ... 43 43 73]
Nico Hoerner,[ 90  42 125 ...  42  10  42]
Jeff Hoffman,[ 8 16  8 ... 27 27 35]
Nolan Hoffman,[92 11  2 ... 16 31 33]
Andrew Hoffmann,[69 28 96 ...  2  3 11]
Tyler Holton,[115  18  67 ...  20  12  24]
Jackson Holliday,[ 77  89 274 ...  65  65  41]
Grant Holmes,[104   4  10 ...  19  29  32]
Grant Holman,[95 18 64 ... 18 31 39]
Spencer Horwitz,[ 96  41 124 ...  41  30  34]
Rhys Hoskins,[47 21 16 ... 64 64 68]
Adrian Houser,[14 24  5 ... 12 32 38]
Tanner Houck,[16 45 55 ... 15 20 24]
Houston Roth,[27 35 36 ... 14 20 20]
Hunter Stratton,[85  2 20 ... 23  6 36]
Kyle Hurt,[56 36 34 ...  7  7  7]
Hurston Waldrep,[156   5  18 ...   6  56  20]
Hyeseong Kim,[145  56 215 ...  12  12  14]
Ian Seymour,[28 22 95 ... 13 13 21]
Jose Iglesias,[ 23  96 342 ...  30  30  24]
Raisel Iglesias,[ 18   4  60 ...  57  57 111]
Ildemaro Vargas,[ 37 105  50 ...  11  11  98]
Shota Imanaga,[61  9 30 ... 20 54 56]
Jonathan India,[138  31  77 ...  31   6  28]
Jairo Iriarte,[225  45  55 ...   4  45  19]
Jake Irvin,[92  9 10 ... 18  9 36]
Isaac Paredes,[202  35 129 ...  52  52  58]
Isaac Mattson,[79 18 55 ... 34 18 52]
Kyle Isbel,[151  27  83 ...  27   2   2]
Isiah Kiner-Falefa,[100  36  82 ...  53  36  54]
Jack Suwinski,[  6  39 122 ...  39  30  34]
Jacob Young,[138  11  35 ...  36   5   3]
Jackson Merrill,[174  80 250 ...   4   3   1]
Jacob Webb,[48  6 26 ... 35 35 69]
Jacob Wilson,[218  55 138 ...  16  79  22]
Jacob Latz,[97 19 72 ... 26 23 46]
Jace Jung,[194  46 113 ...   6  46   4]
Jackson Kowar,[79 13 65 ... 25  7 41]
Jackson Rutledge,[86  7 23 ... 21 21 39]
Jeremiah Jackson,[ 53  50 153 ...  22  40  24]
Jack Leiter,[109  25  23 ...   8  39  41]
Joe Jacques,[118  16  14 ...  15  23  51]
Jack Kochanowicz,[139  35  27 ...   3  53   5]
Jacob Melton,[195  41 120 ...   4  65   6]
Jacob Lopez,[92 22 25 ... 12 24 34]
Jack Winkler,[132  12  38 ...  41  41  47]
Jackson Jobe,[162  38  43 ...   4  38  14]
Jack Neely,[86 40 44 ... 10 40 35]
Jacob Misiorowski,[107  62  66 ...   7  62  22]
Jahmai Jones,[10 32 75 ... 32 19 27]
James McCann,[ 16  80 239 ...  12  12  23]
James Outman,[151  27  83 ...  27   2   2]
Jameson Taillon,[ 4 15 12 ... 20 55 64]
James Wood,[252  20  70 ...   7  81   9]
James McArthur,[107  19  21 ...  12   5  29]
Kenley Jansen,[344  36 217 ...  66  66 344]
Janson Junk,[97 12 14 ... 19 29 39]
Jarred Kelenic,[ 9  3 36 ... 39 39 40]
Jared Triolo,[ 90  43 115 ...  43  32  40]
Jared Koenig,[27  7 46 ... 38 38 60]
Jared Young,[261   7  28 ...  57  36  63]
Jared Shuster,[99 12 54 ... 21 13 21]
Jared Jones,[116  61  67 ...   7  61  18]
Jared Serna,[283  27  86 ...  19  88  29]
Javier Sanoja,[309  27  91 ...   9  95  14]
Jayvien Sandridge,[ 7 22 95 ... 13 13 21]
Jeff McNeil,[ 7  2 13 ... 70 70 61]
Ryan Jeffers,[142  31  74 ...  31   6  26]
Jeffrey Springs,[48 14  4 ... 20 44 59]
Jeferson Quero,[222  98 305 ...  11  98  17]
Jeremy Peña,[166  34 102 ...  42  45  46]
Jesse Winker,[74  2 18 ... 57 57 57]
Jesús Sánchez,[  8  32 108 ...  36  41  36]
Jesús Luzardo,[163  14   4 ...  19  32  33]
Jesus Tinoco,[154   6  24 ...  31  22  74]
Jesse Scholtens,[51  7 13 ... 11 25 34]
Jhonkensy Noel,[ 13  53 144 ...   6  53   6]
Jhonny Pereda,[198  34 135 ...  37  34  36]
Joe Jiménez,[175   3  10 ...  18  25  85]
Leo Jiménez,[ 82  84 249 ...   8  54   3]
Joc Pederson,[11 12 37 ... 68 68 73]
Joey Ortiz,[ 90  43 115 ...  43  32  40]
Joe Musgrove,[30 23  5 ...  6 12 14]
Joey Wiemer,[146  29  81 ...  25  25  24]
Joe Ross,[30  5  3 ... 39 39 62]
Joey Loperfido,[ 44  40 140 ...  25  25  25]
Joey Wentz,[98  3  9 ... 16 27 27]
Joe Ryan,[101  27  29 ...  13  27  30]
Joey Lucchesi,[23 17 11 ... 10 10  3]
Joe La Sorsa,[64 16 80 ... 27 19 32]
Joe Rock,[ 30  27 106 ...  14  23  17]
Johan Rojas,[226  19  14 ...   7   5   2]
John Schreiber,[37  6 30 ... 22 22 35]
John King,[83 18 59 ... 33 18 43]
John Rave,[11 32 80 ... 32 18 22]
John Means,[58 13  5 ... 13 27 26]
Johan Oviedo,[106  39  55 ...  14  26  54]
Johnathan Rodríguez,[ 13  44 140 ...  28  44  30]
Troy Johnston,[135  11  38 ...  41  13  38]
Ryan Johnson,[221  34 131 ...   6  53  33]
Seth Johnson,[86  6  7 ... 21 21 39]
JoJo Romero,[69 14 87 ... 28  5 36]
Nolan Jones,[11 32 80 ... 32 18 22]
Jon Gray,[ 6  8 22 ... 43 43 79]
Jonathan Loáisiga,[ 9 18 75 ... 25 15 51]
Jonny DeLuca,[ 35  38 130 ...  31   4   3]
Jonathan Ornelas,[149   4  42 ...  31  56  37]
Jonathan Pintaro,[83  3 18 ... 25 25 33]
Jorge Polanco,[ 94  24  16 ...  83  83 321]
Jorge Mateo,[ 44  33 107 ...  41  27  49]
Jordan Romano,[47  6  3 ... 43 43 91]
Jordan Westburg,[ 46  42 135 ...  26  26  30]
Jordan Walker,[  6  75 213 ...  13  75  22]
Jordan Montgomery,[42 20  5 ... 20 46 46]
Jordan Leasure,[96 13 51 ... 14 14 21]
Jorbit Vivas,[ 23  79 246 ...   7  53   4]
Jordan Lawlar,[153  80 205 ...   4   8   4]
Jordan Wicks,[74 24 98 ... 22 28 27]
JP Sears,[54 36 52 ...  7  9 13]
Juan Soto,[13 10 45 ... 40 40 50]
Juan Morillo,[ 79  25 132 ...   4   4  10]
Juan Mejia,[ 87  31 124 ...   4  14   9]
Julio Rodríguez,[227  48 140 ...   7   5   2]
Josh Jung,[121  29  80 ...  36  40  36]
Jakob Junis,[33  8  8 ... 26 26 37]
Jung Hoo Lee,[142  51 217 ...  10   2   1]
Jurickson Profar,[100   2  10 ...  80  80 369]
Justin Wilson,[ 45  38 195 ...  37  37  36]
Justin Verlander,[123  68  74 ...   9  17   4]
Justin Lawrence,[120  19  71 ...  43  22  72]
Justyn-Henry Malloy,[ 8 36 96 ... 21 36 23]
Justin Topa,[24 23 13 ... 31 31 41]
Justin Steele,[80 27 29 ... 17 27 44]
Justin Martinez,[100  38 133 ...   3   4   2]
Justin Slaten,[20 20 83 ... 22 15 21]
Justin Sterner,[79 13 65 ... 25  7 41]
Justin Wrobleski,[ 72  28 106 ...   4  12   6]
Kade Strowd,[22 20 83 ... 22 15 21]
Tommy Kahnle,[ 16  25 103 ...  34  34  45]
Kai-Wei Teng,[97 41 55 ...  3 10  3]
Kaleb Ort,[ 6  8 22 ... 43 43 79]
Kameron Misner,[ 36  38 137 ...  31   4   3]
Niko Kavadas,[142  29  90 ...  47  47  44]
Keaton Winn,[56 36 34 ...  7  9  1]
Luke Keaschall,[236  55 158 ...   8  55   9]
Keibert Ruiz,[199  19  59 ...  61  46 199]
Keider Montero,[169  31  33 ...   9  31  27]
Merrill Kelly,[164  45  48 ...  27  63  88]
Mitch Keller,[65 45 52 ... 18 45 45]
Kevin Kelly,[23 20 83 ... 22 15 21]
Zack Kelly,[25 16 55 ... 23 13 31]
Michael Kelly,[33 11  8 ... 39 39 73]
Otto Kemp,[148  12   9 ...  29  52  36]
Kendall Graveman,[13 31 23 ...  6  6 21]
Ken Waldichuk,[92 22 25 ... 12 24 34]
Zak Kent,[93 12 49 ... 21 14 26]
Max Kepler,[88  7  5 ... 68 68 71]
Orion Kerkering,[110  12  10 ...   5  38   5]
Ketel Marte,[79 11 86 ...  8  8 82]
Kevin Newman,[80  7 40 ... 61 61 74]
Yusei Kikuchi,[49 50 10 ... 23 63 84]
Ha-Seong Kim,[ 45  60 239 ...  43  27  40]
Scott Kingery,[82  7 39 ... 61 61 72]
Tyler Kinley,[22  4  5 ... 47 47 73]
Michael King,[65 22 16 ...  5  8 15]
Kirby Yates,[  8  86 280 ...  25  25  14]
Will Klein,[69 28 96 ...  5 12  8]
Landon Knack,[57 30 43 ...  7  2  7]
Kodai Senga,[76  4  3 ... 20 51 72]
Stephen Kolek,[107  19  21 ...  12   5  29]
Konnor Pilkington,[89  7 19 ... 25 21 27]
Michael Kopech,[ 65  24 117 ...  10   5   8]
Matt Koperniak,[151  49 205 ...  49  38  38]
Korey Lee,[134  33  71 ...  33  20  26]
Max Kranick,[85  2 22 ... 23  6 36]
Ryan Kreidler,[138  28  77 ...  28   3   3]
Matt Krook,[129  12  40 ...  18  14  26]
Kumar Rocker,[109  25  23 ...   8  39  41]
Nick Kurtz,[256  56 165 ...   5  81  13]
Kyle Tucker,[  5  38 130 ...  38  10  37]
Kyle Higashioka,[ 24  57 161 ...  87  87  86]
Kyle Stowers,[128  11  35 ...  39  36  31]
Kyle Manzardo,[165  33 101 ...  22  33  19]
Kyle Nelson,[59 36 52 ...  1  5 10]
Kyle Leahy,[ 89  18 116 ...  31   7 116]
Kyle Wright,[101  27  29 ...  13  27  30]
Kyle Nicolas,[63 19 80 ... 26 26 39]
Kyle Teel,[210  50 141 ...  10  50   9]
Kyren Paris,[215  51 140 ...  15   5   4]
LaMonte Wade Jr.,[86  7 40 ... 58 58 64]
Lane Thomas,[144  26  99 ...  24   4   2]
Shea Langeliers,[115  29  80 ...  36  40  36]
Wyatt Langford,[217  51 141 ...  15  71  21]
Lance McCullers Jr.,[62  7 11 ... 18 41 57]
Landen Roupp,[66 34 35 ...  3  8  2]
Lars Nootbaar,[ 96  39 122 ...  39  30  34]
Trevor Larnach,[ 9 30 82 ... 30  6 23]
Andry Lara,[196  13  54 ...   7  51  15]
Ramón Laureano,[ 3 10 68 ... 15 15 19]
Nate Lavender,[36 40 42 ...  7 27 18]
Max Lazar,[86  6  7 ... 21 21 39]
José Leclerc,[64  6 31 ... 40 40 86]
Casey Legumina,[79 13 65 ... 25  7 41]
Mark Leiter Jr.,[ 3 34 21 ... 33 33 41]
Lenyn Sosa,[211  42 128 ...  30  42  26]
Sandy León,[405   7 107 ... 107 107 405]
Leo Rivas,[200  42 138 ...  53  47 200]
Pedro León,[ 10  32 118 ...  39  43  50]
Royce Lewis,[143  32  79 ...  26  26  22]
Liam Hendriks,[ 62  43 251 ...  41  41  69]
Matthew Liberatore,[93 40 45 ... 10 40 26]
Francisco Lindor,[107   2  28 ...  79  79 343]
Liover Peguero,[160  81 217 ...   9  81   8]
Trey Lipscomb,[148  14  46 ...  31  56  38]
Zack Littell,[65 45 52 ... 18 45 45]
Luke Little,[ 87  37 114 ...   7  36   7]
Jack Little,[52 23 99 ... 12  5  5]
Tyler Locklear,[134  66 167 ...   2   7   2]
Nick Lodolo,[78 31 36 ... 12 20 34]
Nick Loftin,[146  29  81 ...  25  25  24]
Logan O'Hoppe,[147  32  95 ...  31  54  39]
Logan Webb,[53 30 43 ...  7  2  2]
Logan VanWey,[82 14 62 ... 27 27 43]
Sam Long,[129  12  40 ...  18  14  26]
Reynaldo López,[66  2  7 ... 21 47 86]
Otto Lopez,[172  15  49 ...  43  43  57]
Pablo López,[161  28  40 ...  13  28  28]
Michael Lorenzen,[ 4 11  9 ... 13 34 37]
Louis Varland,[18 20 90 ... 22 14 16]
Ryan Loutos,[86  7 23 ... 21 21 39]
Nathaniel Lowe,[162  10  34 ...  49  31  53]
Josh Lowe,[  2  39 134 ...  32  24  18]
Rhett Lowder,[107  62  66 ...   7  62  22]
Marco Luciano,[187  90 259 ...   8  24   1]
Seth Lugo,[20 44 51 ... 15 44 44]
Matthew Lugo,[245  51 156 ...   8   5   2]
Luis Rengifo,[216  41 136 ...  52  17 216]
Luis Urías,[198  32 126 ...  48  14  53]
Luis Robert Jr.,[193  36 129 ...  36   3   3]
Luis Torrens,[187  16  54 ...  55  41  60]
Luis Castillo,[67 16  5 ... 21 57 96]
Luis Severino,[71  7 12 ... 20 50 85]
Luis Matos,[  8  87 270 ...   6  24   2]
Luis L. Ortiz,[140  27  32 ...   8  22  27]
Luis Vázquez,[ 69  62 218 ...  27  46  33]
Luis Medina,[129  24  34 ...  16  35  54]
Luis Peralta,[107  38 156 ...   3  14   2]
Luis Mey,[ 98  39 140 ...   9  42  11]
Luke Maile,[33 54 19 ... 54 54 42]
Luke Raley,[ 8 18 66 ... 42 36 50]
Luke Jackson,[ 3  9 21 ... 30 30 38]
Luke Williams,[124   4  28 ...  41  13  42]
Luke Weaver,[ 3  7 41 ... 24 24 35]
Nathan Lukes,[ 2 10 70 ... 37 37 33]
Lyon Richardson,[ 91  30 124 ...  25  33  93]
Manny Machado,[ 6 21 57 ... 21 21 18]
Willie MacIver,[122  27  85 ...  38  14  41]
Nick Madrigal,[123   8  22 ...  41  13  42]
Ty Madden,[126  26  25 ...   7  26  22]
Tyler Mahle,[107  16  13 ...  15  24  62]
Martín Maldonado,[248 109 371 ...  32  32  26]
Anthony Maldonado,[74 14 57 ... 23 23 38]
Sean Manaea,[ 6  2  4 ... 20 53 75]
Manuel Rodríguez,[ 36  17 160 ...  23   2  36]
Jake Mangum,[ 38  54 191 ...  37  28 131]
Matt Manning,[92 11  2 ... 16 31 33]
Marcell Ozuna,[ 44   8   8 ...  87  87 111]
Starling Marte,[310  27  82 ...  89  89  99]
Martín Pérez,[35 49  8 ... 16 49 39]
Mark Vientos,[148   7  30 ...  31  56  38]
Nick Martinez,[19 63  9 ... 20 63 56]
Noelvi Marte,[172  90 261 ...  19  90  24]
Ron Marinaccio,[76 15 52 ...  8  7 14]
Rafael Marchán,[207  15  11 ...  47  47 183]
Marcelo Mayer,[ 70  85 251 ...   7  60   5]
Orelvis Martinez,[ 79  90 256 ...  13  60  16]
Jakob Marsee,[191  14  53 ...   5   5   2]
Masyn Winn,[145  80 215 ...  15  80  19]
Masataka Yoshida,[31 26 27 ... 45 45 46]
Miles Mastrobuoni,[146  31  97 ...  38  46  39]
Mason Thompson,[83  7 19 ... 25 25 33]
Mason Miller,[60 23 94 ...  7  7  8]
Mason McCoy,[100  26  85 ...  13  13  16]
Mason Montgomery,[ 30  27 106 ...  14  23  17]
Mason Black,[69 28 96 ...  4 12  3]
Matt Chapman,[44 27 16 ... 17 17  4]
Matt Vierling,[147  27  78 ...  27   2   2]
Phil Maton,[33 11  8 ... 39 39 73]
Matt Strahm,[ 4  5  5 ... 44 44 70]
Matt Thaiss,[33 28 89 ... 36 24 34]
Matt Wallner,[11 32 80 ... 32 18 22]
Steven Matz,[ 6 34 21 ... 32 32 42]
Matt McLain,[109  52 148 ...  38  52  35]
Yuki Matsui,[118  28 185 ...  11   5  12]
Matt Shaw,[139  80 212 ...  15  80  19]
Matt Waldron,[53 30 43 ...  8  2 12]
Matt Sauer,[60 23 94 ...  6  6  7]
Matt Svanson,[63 19 80 ... 26 26 39]
Zebby Matthews,[126  26  25 ...   7  26  22]
Ronny Mauricio,[280  22  60 ...   7  88  28]
Max Muncy,[245  58 153 ...   5  89  15]
Max Scherzer,[50 69 85 ... 21 47 50]
Max Schuemann,[126  27  79 ...  38  14  40]
Max Meyer,[108  10  12 ...  13  28  38]
Tim Mayza,[ 2 10 29 ... 44 44 54]
Trevor McDonald,[95 51 36 ...  2 12  1]
Reese McGuire,[103  36  86 ...  52  36  46]
Michael McGreevy,[93 40 45 ... 10 40 26]
Zach McKinstry,[163  26  56 ...  30  26  29]
Ryan McMahon,[ 8 28 89 ... 36 24 34]
Parker Meadows,[170  32  98 ...  19   4   2]
Nick Mears,[67 14 80 ... 28  5 43]
Wade Meckler,[118  51 168 ...   5  17   2]
Victor Mederos,[152  28  95 ...   7  41  10]
Trevor Megill,[30  7 50 ... 37 37 50]
Tylor Megill,[108   5   6 ...  17  23  58]
MJ Melendez,[152  29  86 ...  25  25  20]
Troy Melton,[148  35  32 ...   3  35   6]
Michael Mercado,[86  6  7 ... 21 21 39]
Jake Meyers,[141  29 100 ...  39   5   5]
Michael Conforto,[45 26 17 ... 13 13 13]
Mickey Moniak,[  4  46 135 ...  15  10  10]
Michael Massey,[139  33  79 ...  33  19  23]
Michael Wacha,[26 41  6 ... 13 41 40]
Michael Toglia,[121  54 162 ...  12  12  33]
Michael Tonkin,[ 16  25 103 ...  34  34  45]
Michael Siani,[106  41 128 ...  40   6   5]
Michael Soroka,[112  41  54 ...  14  27  54]
Michel Otañez,[126  13  80 ...  30   7  50]
Michael Petersen,[64  5 18 ... 38 38 93]
Miguel Rojas,[225  94 333 ...  32  32  22]
Miguel Castro,[161  13  43 ...  25  17  41]
Miguel Vargas,[211  44 138 ...  30  44  28]
Mike Trout,[ 2 12 36 ... 71 71 81]
Mike Yastrzemski,[ 4 51 22 ... 51 51 34]
Mike Tauchman,[ 4 51 22 ... 51 51 34]
Miles Mikolas,[120  68  86 ...  24  68  75]
Mike Vasil,[108  15  64 ...  13  21  15]
Wade Miley,[143  69  90 ...  24  69  63]
Shelby Miller,[16 37 19 ... 47 47 72]
A.J. Minter,[47  2 13 ... 31 31 54]
Jose Miranda,[188  43 127 ...  43  27  38]
Anthony Misiewicz,[125  12  37 ...  19  14  32]
Mitch Spence,[74 14 57 ... 23 23 38]
Mitchell Parker,[124  12  12 ...   9  37  30]
Casey Mize,[107  19  21 ...  12   5  29]
Moisés Chace,[238  21   4 ...   4  68  13]
Sam Moll,[ 2 10 29 ... 44 44 54]
Anthony Molina,[120  40 171 ...   4  13   7]
Rafael Montero,[32 27 19 ... 38 38 55]
Ryan Mountcastle,[ 31  35 145 ...  31   6  28]
Roddery Muñoz,[ 89  26 126 ...  28  33  42]
Rolddy Muñoz,[149   3  12 ...  10  41  46]
Sean Murphy,[153   3  28 ...  52  35  59]
Tom Murphy,[24 77 31 ... 21 21  3]
Tobias Myers,[80 32 39 ... 11 35 37]
Myles Straw,[30 26 82 ... 33  2  3]
Tommy Nance,[ 5 34 21 ... 33 33 41]
Nasim Nuñez,[228  24  64 ...   6  81  17]
Nate Pearson,[67 14 80 ... 28  5 43]
Nathan Wiles,[83  2 18 ... 25 25 33]
Josh Naylor,[214  32 136 ...  46  14  42]
Ryne Nelson,[56 36 34 ...  1  5 13]
Zach Neto,[187  45 112 ...   5  72   7]
Sean Newcomb,[35 11  9 ... 36 36 62]
Nick Pivetta,[43 25  7 ...  6 15 20]
Nick Sandlin,[ 21  14 100 ...  19   2  23]
Nick Sogard,[ 42  46 165 ...  36  25 101]
Nick Yorke,[144  80 213 ...  15  80  22]
Brandon Nimmo,[61  3  6 ... 60 60 54]
Nolan Schanuel,[226  54 146 ...  16  71  19]
Shinnosuke Ogasawara,[162  16  18 ...  18  31  31]
Pierson Ohl,[126  26  25 ...   7  26  22]
Shohei Ohtani,[81  9 94 ... 16 16 18]
Steven Okert,[20 25 15 ... 43 43 73]
Matt Olson,[76  2 20 ... 58 58 59]
Reese Olson,[112  22  21 ...   6  20  21]
Orlando Ribalta,[129   9  38 ...  29  26  46]
Tirso Ornelas,[157  59 229 ...   8  20  11]
Oswald Peraza,[199  37 125 ...  35  59  51]
Owen White,[98 15 60 ... 14 21 20]
Tyler Owens,[112  23  69 ...   6  23   6]
Pedro Pagés,[139  51 163 ...  51  51  47]
Richie Palacios,[ 34  34 149 ...  32   6  23]
Vinnie Pasquantino,[142  31  80 ...  31  18  22]
Patrick Sandoval,[23 28 47 ... 14  5 20]
Paul Sewald,[ 16  25 103 ...  34  34  45]
Paul Blackburn,[54  2  5 ... 20 41 65]
Graham Pauley,[189  16  51 ...   6  68   5]
Paul Skenes,[107  62  66 ...   7  62  22]
Pavin Smith,[ 90  43 161 ...   5   5  10]
Paxton Schultz,[18 20 90 ... 22 14 16]
Zach Penrod,[57 30 43 ...  7  2  7]
Ryan Pepiot,[25 35 36 ... 14 20 20]
Wandy Peralta,[20 35 32 ... 14 14 16]
Blake Perkins,[118  45 162 ...  45   3   6]
Wenceel Pérez,[ 16  48 156 ...  28  48 102]
Jack Perkins,[95 18 64 ... 18 31 39]
Luis Perales,[71 67 95 ...  3 48  8]
Tommy Pham,[171  86 263 ...  86  86  80]
Tyler Phillips,[83  7 23 ... 25 25 33]
Pierce Johnson,[22  4  5 ... 47 47 73]
Robinson Piña,[ 29  25 125 ...  14  14  32]
PJ Poulin,[101  27  29 ...  13  27  30]
Yohel Pozo,[134  49 177 ...  49  11  54]
Ryan Pressly,[109  40 167 ...  52  52  77]
Quinn Priester,[100  58  52 ...   3  58   9]
A.J. Puk,[82 15 58 ...  3  3 12]
Jose Quintana,[188  83 115 ...  29  83 102]
José Quijada,[159  21 103 ...  27  23  45]
Carson Ragsdale,[56 36 34 ...  7  9  1]
Cal Raleigh,[159  35 109 ...  46  17 159]
Brooks Raley,[180  10  51 ...  50  50  66]
Ranger Suárez,[158  16   2 ...  20  30  43]
Randy Rodríguez,[ 87  31 124 ...   5  14   4]
Randy Vásquez,[83 40 43 ...  4 10  8]
Robbie Ray,[ 4 16 13 ...  5 13  3]
Marco Raya,[181  41  46 ...   4  41   9]
J.T. Realmuto,[31 27  4 ... 78 78 78]
Rob Refsnyder,[ 2 89 53 ... 57 57 68]
Anthony Rendon,[ 25  57 158 ...  87  87  88]
Sean Reynolds,[52 23 99 ... 11  5  7]
Rhylan Thomas,[  7  31 107 ...  26  50  31]
Riley O'Brien,[79 18 55 ... 34 18 52]
Ryan Ritter,[137  69 170 ...   3  23   2]
River Ryan,[66 34 35 ...  3  8  8]
Victor Robles,[  8  30 106 ...  40  14  51]
Robert Stephenson,[33 11  8 ... 39 39 73]
Robert Suarez,[20 35 29 ... 15 15 24]
Rob Zastryzny,[ 5 11 43 ... 55 55 88]
Will Robertson,[141  31  80 ...  31  18  22]
Sem Robberse,[167  70  85 ...   7  70  32]
Tekoah Roby,[107  62  66 ...   7  62  22]
Yariel Rodríguez,[ 32  17 155 ...  22   2  37]
Grayson Rodriguez,[39 41 42 ...  7 27 17]
Bradgley Rodriguez,[155  43 215 ...  17  17  22]
Taylor Rogers,[16 37 20 ... 46 46 59]
Tyler Rogers,[22 10  5 ... 47 47 73]
Jake Rogers,[160  26  56 ...  31  26  33]
Trevor Rogers,[28 35 36 ... 14 18 15]
Josh Rojas,[70  8 48 ... 35 35 30]
Roki Sasaki,[154  66  67 ...   3  19   8]
Ryan Rolison,[ 58  19 106 ...   9   2  11]
Roman Anthony,[  3  83 274 ...  63  63  41]
Ronel Blanco,[71  7 12 ... 20 50 85]
Ronny Simon,[162  71 223 ...  48  71 148]
Rowdy Tellez,[168  18  65 ...  47  33  54]
Ryan O'Hearn,[44 24 15 ... 16 16 14]
Ryan Thompson,[ 4 14 37 ...  6  6 19]
Ryan Yarbrough,[ 1 17 14 ... 13 36 43]
Ryan Walker,[ 65  24 117 ...  10   4   4]
Ryan Vilade,[  6  41 123 ...  43  43  39]
Ryan Weathers,[115  11  13 ...   9  38  36]
Ryan Zeferjahn,[74 14 57 ... 23 23 38]
Ryne Stanek,[22 10  5 ... 47 47 73]
Thomas Saggese,[144  80 213 ...  15  80  22]
Salvador Perez,[ 30  72 208 ...  72  72  61]
Samad Taylor,[ 5 28 79 ... 32 40 39]
Gary Sánchez,[26 28 22 ... 49 49 53]
Anthony Santander,[  4  42 133 ...  45  31 191]
Tony Santillan,[67 14 80 ... 28  5 43]
Winston Santos,[195  43  40 ...   9  64  28]
Tayler Saucedo,[35 11  9 ... 36 36 62]
Josh Sborz,[58  7 11 ... 18 43 68]
Casey Schmitt,[100  46 132 ...  11  11   2]
Spencer Schwellenbach,[115   3  11 ...   9  38  35]
Tanner Scott,[34  7 35 ...  7  7 12]
Victor Scott II,[138  68 173 ...   5   5   1]
Scott Effross,[ 3  7 41 ... 24 24 35]
Seiya Suzuki,[  9  40 109 ...  57  40  72]
Anthony Seigler,[120  71 137 ...  80  80  80]
Marcus Semien,[38 56 19 ... 80 80 85]
Antonio Senzatela,[98 25 27 ...  4 11 21]
Shane McClanahan,[24 28 47 ... 14  5 20]
Shay Whitcomb,[136  27  87 ...  45  45  46]
Shane Smith,[126  26  25 ...   7  26  22]
Zack Short,[158  18  58 ...  50  37  64]
Simeon Woods Richardson,[148  35  32 ...   3  35   6]
Josh Simpson,[89  7 25 ... 25 21 27]
Jose Siri,[208   6  21 ...  54   3   6]
Tarik Skubal,[107  19  21 ...  12   5  29]
Will Smith,[101  26  82 ...  11  12  12]
Josh Smith,[123  29  83 ...  36  37  35]
Blake Snell,[31 23  5 ...  4 10 11]
Tyler Soderstrom,[226  51 147 ...  15  70  19]
Jorge Soler,[  2  14  43 ...  78  78 104]
Sonny Gray,[15 67 83 ... 23 67 73]
José Soriano,[129  24  34 ...  16  35  54]
Edmundo Sosa,[208  18  14 ...  57  41  62]
Spencer Torkelson,[153  33  98 ...  22  33  25]
Spencer Steer,[ 91  41 118 ...  41  30  40]
Spencer Strider,[100   2  10 ...  13  28  45]
Tyler Stephenson,[ 94  42 121 ...  42  10  41]
Steven Wilson,[125  12  37 ...  19  14  32]
Trevor Story,[21 25 16 ... 44 44 44]
Hunter Strickland,[166  26 113 ...  52  52  86]
Wander Suero,[ 8  2 11 ... 49 49 90]
Tomoyuki Sugano,[  8  75 108 ...  18  49  71]
Dansby Swanson,[50 10 72 ... 61 61 61]
Trey Sweeney,[170  36  98 ...  22  36  18]
Taijuan Walker,[47  7  1 ... 19 47 66]
Fernando Tatis Jr.,[  6  54 170 ...  13  13  10]
Tim Tawa,[ 99  46 134 ...   8   8  11]
Michael A. Taylor,[ 4 52 21 ... 52 52 44]
Taylor Ward,[81  6 38 ... 57 57 70]
Tyrone Taylor,[71  2 15 ... 54  7  5]
Taylor Walls,[ 40  62 190 ...  38  30 131]
Taylor Trammell,[125  28  84 ...  32  36  36]
Troy Taylor,[141  27  85 ...  12  43  22]
Grant Taylor,[132  24  89 ...   8  27  14]
José Tena,[239  24  70 ...   7  72   7]
Bryce Teodosio,[136  25  87 ...  43   5   5]
Terrin Vavra,[ 33  38 148 ...  32   6  23]
Trent Thornton,[48  6 26 ... 35 35 69]
Zack Thompson,[78 31 36 ... 12 20 34]
Blade Tidwell,[95 51 36 ...  2 12  1]
Tyler Tolbert,[132  33  75 ...  33  20  27]
Tommy Edman,[135  33  97 ...  10  14  54]
Travis d'Arnaud,[240  58 162 ...  90  90  87]
Triston Casas,[ 47  46 162 ...  21  37  19]
Tristan Gray,[ 28  53 161 ...  35  25  25]
Tucupita Marcano,[150  60 221 ...   8  19  11]
Justin Turner,[179  92 271 ...  92  92  85]
Trea Turner,[57  7  3 ... 66 66 71]
Tyler Wade,[108  24  89 ...  11   1   1]
Tyler Wells,[19 23 23 ... 13 17 35]
Tyler Zuber,[112   6  21 ...  29  21  53]
Tyler Black,[168  63 220 ...  45  63  30]
José Ureña,[ 7  9 26 ... 37 37 51]
Ramón Urías,[107   8  59 ...  72  72  96]
José Urquidy,[180  21  22 ...  13  21  47]
Zac Veen,[  7  78 217 ...   5  23   5]
Anthony Veneziano,[89  7 25 ... 25 21 27]
Will Vest,[125  12  37 ...  19  14  32]
Victor Vodnik,[69 28 96 ...  3 13  7]
Victor Mesa Jr.,[311  25  92 ...  15   6   3]
Anthony Volpe,[ 15  72 181 ...   6  49   3]
Will Wagner,[ 86  47 135 ...  16   9   9]
Will Warren,[12 33 39 ...  7 19 27]
Weston Wilson,[158   8   6 ...  50  32  60]
Zack Wheeler,[19 20  5 ... 26 56 64]
Carson Whisenhunt,[100  50  37 ...   2  12   1]
Willi Castro,[163  56 243 ...  56  14 243]
Trevor Williams,[ 6  6  6 ... 20 54 74]
Will Wilson,[132  33  74 ...  33  20  29]
Josh Winckowski,[20 20 83 ... 22 15 21]
Grant Wolfram,[ 23  14 106 ...  19   2  21]
Jake Woodford,[ 58  19 106 ...   3   1  12]
Yoshinobu Yamamoto,[97 41 55 ...  3 10 14]
Christian Yelich,[ 4 18 53 ... 68 68 57]
Yerry De los Santos,[  8  22 118 ...  26  15  26]
Yoán Moncada,[307  24  86 ...  64  46 307]
Yohan Ramírez,[104  19  66 ...  41  21  65]
Yosver Zulueta,[ 92  20 122 ...  33  23  54]
Josh Walker,[118   6   7 ...  26  20  48]
Ryan Noda,[ 28  49 165 ...  32  24  25]
Adrian Morejon,[ 90  27 154 ...   7   7   9]
Jose Trevino,[47 22 15 ... 67 67 63]
Steven Kwan,[141  31  80 ...  31  18  22]
Blake Treinen,[119  37 176 ...  18  18  15]
Ian Hamilton,[ 7 16 55 ... 23 13 31]
Adrian Del Castillo,[110  52 152 ...   4   6  10]
Josiah Gray,[92 11 10 ... 16 31 33]
Andrew McCutchen,[  8  87 267 ...  87  87  83]
Jake Burger,[138  31  98 ...  38  44  47]
Blake Walston,[100  50  37 ...   0   7   2]
Jake McCarthy,[ 89  36 152 ...   4   0   2]
Grant McCray,[138  65 182 ...   3   1   0]
